Sites,Proteins
Bad Wimsbach,Albumins
Bad Wimsbach,Albumins
Bad Wimsbach,Albumins
Bad Wimsbach,Albumins
Bad Wimsbach,Albumins
Bad Wimsbach,Albumins
Bad Wimsbach,Albumins
Bad Wimsbach,Albumins
Bad Wimsbach,Albumins
Bad Wimsbach,Albumins
Bad Wimsbach,Albumins
Bad Wimsbach,Albumins
Bad Wimsbach,Albumins
Bad Wimsbach,Albumins
Bad Wimsbach,Albumins
Flinsbach,Albumins
Flinsbach,Albumins
Flinsbach,Albumins
Flinsbach,Albumins
Flinsbach,Albumins
Flinsbach,Albumins
Flinsbach,Albumins
Flinsbach,Albumins
Flinsbach,Albumins
Flinsbach,Albumins
Flinsbach,Albumins
Flinsbach,Albumins
Flinsbach,Albumins
Flinsbach,Albumins
Flinsbach,Albumins
Reichersberg,Albumins
Reichersberg,Albumins
Reichersberg,Albumins
Reichersberg,Albumins
Reichersberg,Albumins
Reichersberg,Albumins
Reichersberg,Albumins
Reichersberg,Albumins
Reichersberg,Albumins
Reichersberg,Albumins
Reichersberg,Albumins
Reichersberg,Albumins
Reichersberg,Albumins
Reichersberg,Albumins
Reichersberg,Albumins
Zinsenhof,Albumins
Zinsenhof,Albumins
Zinsenhof,Albumins
Zinsenhof,Albumins
Zinsenhof,Albumins
Zinsenhof,Albumins
Zinsenhof,Albumins
Zinsenhof,Albumins
Zinsenhof,Albumins
Zinsenhof,Albumins
Zinsenhof,Albumins
Zinsenhof,Albumins
Zinsenhof,Albumins
Zinsenhof,Albumins
Zinsenhof,Albumins
Bad Wimsbach,Globulins
Bad Wimsbach,Globulins
Bad Wimsbach,Globulins
Bad Wimsbach,Globulins
Bad Wimsbach,Globulins
Bad Wimsbach,Globulins
Bad Wimsbach,Globulins
Bad Wimsbach,Globulins
Bad Wimsbach,Globulins
Bad Wimsbach,Globulins
Bad Wimsbach,Globulins
Bad Wimsbach,Globulins
Bad Wimsbach,Globulins
Bad Wimsbach,Globulins
Bad Wimsbach,Globulins
Flinsbach,Globulins
Flinsbach,Globulins
Flinsbach,Globulins
Flinsbach,Globulins
Flinsbach,Globulins
Flinsbach,Globulins
Flinsbach,Globulins
Flinsbach,Globulins
Flinsbach,Globulins
Flinsbach,Globulins
Flinsbach,Globulins
Flinsbach,Globulins
Flinsbach,Globulins
Flinsbach,Globulins
Flinsbach,Globulins
Reichersberg,Globulins
Reichersberg,Globulins
Reichersberg,Globulins
Reichersberg,Globulins
Reichersberg,Globulins
Reichersberg,Globulins
Reichersberg,Globulins
Reichersberg,Globulins
Reichersberg,Globulins
Reichersberg,Globulins
Reichersberg,Globulins
Reichersberg,Globulins
Reichersberg,Globulins
Reichersberg,Globulins
Reichersberg,Globulins
Zinsenhof,Globulins
Zinsenhof,Globulins
Zinsenhof,Globulins
Zinsenhof,Globulins
Zinsenhof,Globulins
Zinsenhof,Globulins
Zinsenhof,Globulins
Zinsenhof,Globulins
Zinsenhof,Globulins
Zinsenhof,Globulins
Zinsenhof,Globulins
Zinsenhof,Globulins
Zinsenhof,Globulins
Zinsenhof,Globulins
Zinsenhof,Globulins
Bad Wimsbach,Gliadins
Bad Wimsbach,Gliadins
Bad Wimsbach,Gliadins
Bad Wimsbach,Gliadins
Bad Wimsbach,Gliadins
Bad Wimsbach,Gliadins
Bad Wimsbach,Gliadins
Bad Wimsbach,Gliadins
Bad Wimsbach,Gliadins
Bad Wimsbach,Gliadins
Bad Wimsbach,Gliadins
Bad Wimsbach,Gliadins
Bad Wimsbach,Gliadins
Bad Wimsbach,Gliadins
Bad Wimsbach,Gliadins
Flinsbach,Gliadins
Flinsbach,Gliadins
Flinsbach,Gliadins
Flinsbach,Gliadins
Flinsbach,Gliadins
Flinsbach,Gliadins
Flinsbach,Gliadins
Flinsbach,Gliadins
Flinsbach,Gliadins
Flinsbach,Gliadins
Flinsbach,Gliadins
Flinsbach,Gliadins
Flinsbach,Gliadins
Flinsbach,Gliadins
Flinsbach,Gliadins
Reichersberg,Gliadins
Reichersberg,Gliadins
Reichersberg,Gliadins
Reichersberg,Gliadins
Reichersberg,Gliadins
Reichersberg,Gliadins
Reichersberg,Gliadins
Reichersberg,Gliadins
Reichersberg,Gliadins
Reichersberg,Gliadins
Reichersberg,Gliadins
Reichersberg,Gliadins
Reichersberg,Gliadins
Reichersberg,Gliadins
Reichersberg,Gliadins
Zinsenhof,Gliadins
Zinsenhof,Gliadins
Zinsenhof,Gliadins
Zinsenhof,Gliadins
Zinsenhof,Gliadins
Zinsenhof,Gliadins
Zinsenhof,Gliadins
Zinsenhof,Gliadins
Zinsenhof,Gliadins
Zinsenhof,Gliadins
Zinsenhof,Gliadins
Zinsenhof,Gliadins
Zinsenhof,Gliadins
Zinsenhof,Gliadins
Zinsenhof,Gliadins
Bad Wimsbach,Glutenins
Bad Wimsbach,Glutenins
Bad Wimsbach,Glutenins
Bad Wimsbach,Glutenins
Bad Wimsbach,Glutenins
Bad Wimsbach,Glutenins
Bad Wimsbach,Glutenins
Bad Wimsbach,Glutenins
Bad Wimsbach,Glutenins
Bad Wimsbach,Glutenins
Bad Wimsbach,Glutenins
Bad Wimsbach,Glutenins
Bad Wimsbach,Glutenins
Bad Wimsbach,Glutenins
Bad Wimsbach,Glutenins
Flinsbach,Glutenins
Flinsbach,Glutenins
Flinsbach,Glutenins
Flinsbach,Glutenins
Flinsbach,Glutenins
Flinsbach,Glutenins
Flinsbach,Glutenins
Flinsbach,Glutenins
Flinsbach,Glutenins
Flinsbach,Glutenins
Flinsbach,Glutenins
Flinsbach,Glutenins
Flinsbach,Glutenins
Flinsbach,Glutenins
Flinsbach,Glutenins
Reichersberg,Glutenins
Reichersberg,Glutenins
Reichersberg,Glutenins
Reichersberg,Glutenins
Reichersberg,Glutenins
Reichersberg,Glutenins
Reichersberg,Glutenins
Reichersberg,Glutenins
Reichersberg,Glutenins
Reichersberg,Glutenins
Reichersberg,Glutenins
Reichersberg,Glutenins
Reichersberg,Glutenins
Reichersberg,Glutenins
Reichersberg,Glutenins
Zinsenhof,Glutenins
Zinsenhof,Glutenins
Zinsenhof,Glutenins
Zinsenhof,Glutenins
Zinsenhof,Glutenins
Zinsenhof,Glutenins
Zinsenhof,Glutenins
Zinsenhof,Glutenins
Zinsenhof,Glutenins
Zinsenhof,Glutenins
Zinsenhof,Glutenins
Zinsenhof,Glutenins
Zinsenhof,Glutenins
Zinsenhof,Glutenins
Zinsenhof,Glutenins
